feature,importance
feature1,0.38463633169951383
feature2,0.35073380447284314
feature3,0.2646298638276429
